<?xml version="1.0" encoding="UTF-8"?>
<records>
<record>
      <symbol>AMZN</symbol>
      <datetime>Mon May 09 00:00:00 EDT 2011</datetime>
      <open>198.34</open>
      <high>206.39</high>
      <low>196.78</low>
      <close>202.56</close>
      <volume>5088800.0</volume>
      <adjclose>202.56</adjclose>
   </record>
   <record>
      <symbol>AMZN</symbol>
      <datetime>Mon May 02 00:00:00 EDT 2011</datetime>
      <open>196.57</open>
      <high>203.42</high>
      <low>195.37</low>
      <close>197.6</close>
      <volume>6130100.0</volume>
      <adjclose>197.6</adjclose>
   </record>
   <record>
      <symbol>AMZN</symbol>
      <datetime>Mon Apr 25 00:00:00 EDT 2011</datetime>
      <open>185.65</open>
      <high>197.8</high>
      <low>180.74</low>
      <close>195.81</close>
      <volume>1.04205E7</volume>
      <adjclose>195.81</adjclose>
   </record>
   <record>
      <symbol>AMZN</symbol>
      <datetime>Mon Apr 18 00:00:00 EDT 2011</datetime>
      <open>178.38</open>
      <high>185.97</high>
      <low>175.37</low>
      <close>185.89</close>
      <volume>3669500.0</volume>
      <adjclose>185.89</adjclose>
   </record>
   <record>
      <symbol>AMZN</symbol>
      <datetime>Mon Apr 11 00:00:00 EDT 2011</datetime>
      <open>184.86</open>
      <high>186.49</high>
      <low>179.02</low>
      <close>180.01</close>
      <volume>4141700.0</volume>
      <adjclose>180.01</adjclose>
   </record>
   <record>
      <symbol>AMZN</symbol>
      <datetime>Mon Apr 04 00:00:00 EDT 2011</datetime>
      <open>180.89</open>
      <high>188.27</high>
      <low>180.69</low>
      <close>184.71</close>
      <volume>4695300.0</volume>
      <adjclose>184.71</adjclose>
   </record>
   <record>
      <symbol>AMZN</symbol>
      <datetime>Mon Mar 28 00:00:00 EDT 2011</datetime>
      <open>171.8</open>
      <high>183.25</high>
      <low>169.25</low>
      <close>180.13</close>
      <volume>5131000.0</volume>
      <adjclose>180.13</adjclose>
   </record>
   <record>
      <symbol>AAPL</symbol>
      <datetime>Mon May 09 00:00:00 EDT 2011</datetime>
      <open>347.86</open>
      <high>350.0</high>
      <low>340.35</low>
      <close>340.5</close>
      <volume>1.05006E7</volume>
      <adjclose>340.5</adjclose>
   </record>
   <record>
      <symbol>AAPL</symbol>
      <datetime>Mon May 02 00:00:00 EDT 2011</datetime>
      <open>349.74</open>
      <high>351.83</high>
      <low>345.5</low>
      <close>346.66</close>
      <volume>1.25862E7</volume>
      <adjclose>346.66</adjclose>
   </record>
   <record>
      <symbol>AAPL</symbol>
      <datetime>Mon Apr 25 00:00:00 EDT 2011</datetime>
      <open>350.34</open>
      <high>354.99</high>
      <low>345.52</low>
      <close>350.13</close>
      <volume>1.661E7</volume>
      <adjclose>350.13</adjclose>
   </record>
   <record>
      <symbol>AAPL</symbol>
      <datetime>Mon Apr 18 00:00:00 EDT 2011</datetime>
      <open>326.1</open>
      <high>355.13</high>
      <low>320.16</low>
      <close>350.7</close>
      <volume>2.21763E7</volume>
      <adjclose>350.7</adjclose>
   </record>
   <record>
      <symbol>AAPL</symbol>
      <datetime>Mon Apr 11 00:00:00 EDT 2011</datetime>
      <open>334.06</open>
      <high>336.14</high>
      <low>326.8</low>
      <close>327.46</close>
      <volume>1.37586E7</volume>
      <adjclose>327.46</adjclose>
   </record>
   <record>
      <symbol>AAPL</symbol>
      <datetime>Mon Apr 04 00:00:00 EDT 2011</datetime>
      <open>344.31</open>
      <high>344.6</high>
      <low>333.95</low>
      <close>335.06</close>
      <volume>1.49738E7</volume>
      <adjclose>335.06</adjclose>
   </record>
   <record>
      <symbol>AAPL</symbol>
      <datetime>Mon Mar 28 00:00:00 EDT 2011</datetime>
      <open>353.15</open>
      <high>354.32</high>
      <low>343.3</low>
      <close>344.56</close>
      <volume>1.2031E7</volume>
      <adjclose>344.56</adjclose>
   </record>
   <record>
      <symbol>AAPL</symbol>
      <datetime>Mon Mar 21 00:00:00 EDT 2011</datetime>
      <open>335.99</open>
      <high>352.06</high>
      <low>335.26</low>
      <close>351.54</close>
      <volume>1.40138E7</volume>
      <adjclose>351.54</adjclose>
   </record>
   <record>
      <symbol>GOOG</symbol>
      <datetime>Mon May 09 00:00:00 EDT 2011</datetime>
      <open>535.0</open>
      <high>544.43</high>
      <low>529.05</low>
      <close>529.55</close>
      <volume>1967800.0</volume>
      <adjclose>529.55</adjclose>
   </record>
   <record>
      <symbol>GOOG</symbol>
      <datetime>Mon May 02 00:00:00 EDT 2011</datetime>
      <open>545.7</open>
      <high>545.73</high>
      <low>529.63</low>
      <close>535.3</close>
      <volume>2077200.0</volume>
      <adjclose>535.3</adjclose>
   </record>
   <record>
      <symbol>GOOG</symbol>
      <datetime>Mon Apr 25 00:00:00 EDT 2011</datetime>
      <open>525.25</open>
      <high>544.1</high>
      <low>522.01</low>
      <close>544.1</close>
      <volume>2740400.0</volume>
      <adjclose>544.1</adjclose>
   </record>
   <record>
      <symbol>GOOG</symbol>
      <datetime>Mon Apr 18 00:00:00 EDT 2011</datetime>
      <open>526.42</open>
      <high>530.88</high>
      <low>519.0</low>
      <close>525.1</close>
      <volume>3313500.0</volume>
      <adjclose>525.1</adjclose>
   </record>
   <record>
      <symbol>GOOG</symbol>
      <datetime>Mon Apr 11 00:00:00 EDT 2011</datetime>
      <open>576.2</open>
      <high>579.45</high>
      <low>530.06</low>
      <close>530.7</close>
      <volume>5102600.0</volume>
      <adjclose>530.7</adjclose>
   </record>
   <record>
      <symbol>GOOG</symbol>
      <datetime>Mon Apr 04 00:00:00 EDT 2011</datetime>
      <open>593.0</open>
      <high>594.74</high>
      <low>565.68</low>
      <close>578.16</close>
      <volume>3040700.0</volume>
      <adjclose>578.16</adjclose>
   </record>
   <record>
      <symbol>GOOG</symbol>
      <datetime>Mon Mar 28 00:00:00 EDT 2011</datetime>
      <open>582.07</open>
      <high>595.19</high>
      <low>573.01</low>
      <close>591.8</close>
      <volume>1977600.0</volume>
      <adjclose>591.8</adjclose>
   </record>
   <record>
      <symbol>GOOG</symbol>
      <datetime>Mon Mar 21 00:00:00 EDT 2011</datetime>
      <open>570.22</open>
      <high>588.39</high>
      <low>569.02</low>
      <close>579.74</close>
      <volume>2336200.0</volume>
      <adjclose>579.74</adjclose>
   </record>
    <record>
      <symbol>IBM</symbol>
      <datetime>Mon May 09 00:00:00 EDT 2011</datetime>
      <open>168.39</open>
      <high>172.77</high>
      <low>167.82</low>
      <close>169.92</close>
      <volume>4699700.0</volume>
      <adjclose>169.92</adjclose>
   </record>
   <record>
      <symbol>IBM</symbol>
      <datetime>Mon May 02 00:00:00 EDT 2011</datetime>
      <open>172.11</open>
      <high>173.54</high>
      <low>167.5</low>
      <close>168.89</close>
      <volume>5893100.0</volume>
      <adjclose>168.89</adjclose>
   </record>
   <record>
      <symbol>IBM</symbol>
      <datetime>Mon Apr 25 00:00:00 EDT 2011</datetime>
      <open>167.65</open>
      <high>173.0</high>
      <low>167.23</low>
      <close>170.58</close>
      <volume>5371700.0</volume>
      <adjclose>169.82</adjclose>
   </record>
   <record>
      <symbol>IBM</symbol>
      <datetime>Mon Apr 18 00:00:00 EDT 2011</datetime>
      <open>164.64</open>
      <high>168.45</high>
      <low>162.19</low>
      <close>168.28</close>
      <volume>7439500.0</volume>
      <adjclose>167.53</adjclose>
   </record>
   <record>
      <symbol>IBM</symbol>
      <datetime>Mon Apr 11 00:00:00 EDT 2011</datetime>
      <open>163.44</open>
      <high>166.34</high>
      <low>162.3</low>
      <close>166.21</close>
      <volume>4433600.0</volume>
      <adjclose>165.47</adjclose>
   </record>
   <record>
      <symbol>IBM</symbol>
      <datetime>Mon Apr 04 00:00:00 EDT 2011</datetime>
      <open>164.42</open>
      <high>164.75</high>
      <low>163.16</low>
      <close>164.05</close>
      <volume>3520500.0</volume>
      <adjclose>163.32</adjclose>
   </record>
   <record>
      <symbol>IBM</symbol>
      <datetime>Mon Mar 28 00:00:00 EDT 2011</datetime>
      <open>161.54</open>
      <high>164.42</high>
      <low>161.12</low>
      <close>164.27</close>
      <volume>3813200.0</volume>
      <adjclose>163.54</adjclose>
   </record>
   <record>
      <symbol>IBM</symbol>
      <datetime>Mon Mar 21 00:00:00 EDT 2011</datetime>
      <open>157.64</open>
      <high>162.74</high>
      <low>157.07</low>
      <close>162.18</close>
      <volume>5074300.0</volume>
      <adjclose>161.46</adjclose>
   </record>
</records>